{
    "metadata": {
        "generator": "io_three",
        "materials": 1,
        "normals": 37,
        "vertices": 88,
        "faces": 55,
        "type": "Geometry",
        "version": 3
    },
    "normals": [0,1,0,0,0.999969,0,0,-0.999969,0,0,-1,0,0.340068,-0.765831,-0.545732,0.401013,-0.880428,0.252937,-0.356059,-0.771111,0.527787,-0.358043,-0.77047,0.52736,0.371166,-0.778375,0.506272,0.397015,-0.76989,0.499588,-0.37019,-0.892605,0.257179,-0.352519,-0.762932,-0.541887,0.528855,0,-0.848689,0.84579,0,0.533464,-0.559221,0,0.828974,-0.561693,0,0.827326,0.591235,0,0.806482,0.62215,0,0.782861,-0.821223,0,0.570544,-0.545274,0,-0.838221,0.340068,0.765831,-0.545732,0.401013,0.880428,0.252937,-0.356059,0.771111,0.527787,-0.358043,0.77047,0.52736,0.371166,0.778375,0.506272,0.397015,0.76989,0.499588,-0.37019,0.892605,0.257179,-0.352519,0.762932,-0.541887,-0.008026,-0.92645,0.376263,0.398785,-0.881405,-0.253121,-0.403363,-0.874783,-0.268288,-0.021332,0,0.999756,0.844264,0,-0.535874,-0.832636,0,-0.553789,-0.008026,0.92645,0.376263,0.398785,0.881405,-0.253121,-0.403363,0.874783,-0.268288],
    "vertices": [0.416994,0.03,0.001143,0.489383,0.03,0.155155,0.435892,0.03,0.155475,0.416994,0.03,0.107865,0.384643,0.03,0.107865,0.377712,0.03,0.129835,0.337098,0.03,0.133001,0.398096,0.03,0.001462,0.390845,0.03,0.039995,0.362586,0.03,0.100076,0.416033,0.03,0.100076,0.416994,-0.03,0.001143,0.489383,-0.03,0.155155,0.435892,-0.03,0.155475,0.416994,-0.03,0.107865,0.384643,-0.03,0.107865,0.377712,-0.03,0.129835,0.337098,-0.03,0.133001,0.398096,-0.03,0.001462,0.390845,-0.03,0.039995,0.362586,-0.03,0.100076,0.416033,-0.03,0.100076,0.416994,-0.03,0.001143,0.420143,-0.025,-0.003911,0.489383,-0.03,0.155155,0.497236,-0.025,0.160108,0.435892,-0.03,0.155475,0.432505,-0.025,0.160495,0.416994,-0.03,0.107865,0.413599,-0.025,0.112865,0.384643,-0.03,0.107865,0.388308,-0.025,0.112865,0.377712,-0.03,0.129835,0.381465,-0.025,0.134557,0.337098,-0.03,0.133001,0.328967,-0.025,0.138651,0.398096,-0.03,0.001462,0.394878,-0.025,-0.003484,0.420143,-0.025,-0.003911,0.420143,0.025,-0.003911,0.497236,-0.025,0.160108,0.497236,0.025,0.160108,0.432505,-0.025,0.160495,0.432505,0.025,0.160495,0.413599,-0.025,0.112865,0.413599,0.025,0.112865,0.388308,-0.025,0.112865,0.388308,0.025,0.112865,0.381465,-0.025,0.134557,0.381465,0.025,0.134557,0.328967,-0.025,0.138651,0.328967,0.025,0.138651,0.394878,-0.025,-0.003484,0.394878,0.025,-0.003484,0.420143,0.025,-0.003911,0.416994,0.03,0.001143,0.497236,0.025,0.160108,0.489383,0.03,0.155155,0.432505,0.025,0.160495,0.435892,0.03,0.155475,0.413599,0.025,0.112865,0.416994,0.03,0.107865,0.388308,0.025,0.112865,0.384643,0.03,0.107865,0.381465,0.025,0.134557,0.377712,0.03,0.129835,0.328967,0.025,0.138651,0.337098,0.03,0.133001,0.394878,0.025,-0.003484,0.398096,0.03,0.001462,0.390845,-0.03,0.039995,0.390583,-0.025,0.052301,0.362586,-0.03,0.100076,0.370463,-0.025,0.095076,0.416033,-0.03,0.100076,0.408515,-0.025,0.095076,0.390583,-0.025,0.052301,0.390583,0.025,0.052301,0.370463,-0.025,0.095076,0.370463,0.025,0.095076,0.408515,-0.025,0.095076,0.408515,0.025,0.095076,0.390583,0.025,0.052301,0.390845,0.03,0.039995,0.370463,0.025,0.095076,0.362586,0.03,0.100076,0.408515,0.025,0.095076,0.416033,0.03,0.100076],
    "materials": [{
        "colorDiffuse": [0.73098,0.737255,0.687059],
        "depthTest": true,
        "colorAmbient": [0.73098,0.737255,0.687059],
        "blending": "NormalBlending",
        "depthWrite": true,
        "transparent": false,
        "DbgColor": 15658734,
        "DbgName": "SVGMat.001",
        "colorEmissive": [0,0,0],
        "shading": "phong",
        "DbgIndex": 0,
        "visible": true,
        "specularCoef": 50,
        "wireframe": false,
        "opacity": 1,
        "colorSpecular": [0.5,0.5,0.5]
    }],
    "faces": [34,7,1,0,0,0,1,0,34,6,8,7,0,1,0,0,34,8,1,7,0,0,1,0,34,6,9,8,0,1,1,0,34,10,1,8,0,0,1,0,34,6,4,9,0,1,0,1,34,4,10,9,0,0,0,1,34,4,3,10,0,0,0,0,34,3,1,10,0,0,1,0,34,6,5,4,0,1,0,0,34,2,1,3,0,1,1,0,34,12,18,11,0,2,3,3,34,19,17,18,0,3,3,3,34,12,19,18,0,2,3,3,34,20,17,19,0,2,3,3,34,12,21,19,0,2,3,3,34,15,17,20,0,3,3,2,34,21,15,20,0,3,3,2,34,14,15,21,0,3,3,3,34,12,14,21,0,2,3,3,34,16,17,15,0,3,3,3,34,12,13,14,0,2,2,3,35,23,25,24,22,0,4,5,5,4,35,25,27,26,24,0,5,6,6,5,35,27,29,28,26,0,6,7,7,6,35,29,31,30,28,0,7,8,8,7,35,31,33,32,30,0,8,9,9,8,35,33,35,34,32,0,9,10,10,9,35,35,37,36,34,0,10,11,11,10,35,37,23,22,36,0,11,4,4,11,35,39,41,40,38,0,12,13,13,12,35,41,43,42,40,0,13,14,14,13,35,43,45,44,42,0,14,15,15,14,35,45,47,46,44,0,15,16,16,15,35,47,49,48,46,0,16,17,17,16,35,49,51,50,48,0,17,18,18,17,35,51,53,52,50,0,18,19,19,18,35,53,39,38,52,0,19,12,12,19,35,55,57,56,54,0,20,21,21,20,35,57,59,58,56,0,21,22,22,21,35,59,61,60,58,0,22,23,23,22,35,61,63,62,60,0,23,24,24,23,35,63,65,64,62,0,24,25,25,24,35,65,67,66,64,0,25,26,26,25,35,67,69,68,66,0,26,27,27,26,35,69,55,54,68,0,27,20,20,27,35,71,73,72,70,0,28,29,29,28,35,73,75,74,72,0,29,30,30,29,35,75,71,70,74,0,30,28,28,30,35,77,79,78,76,0,31,32,32,31,35,79,81,80,78,0,32,33,33,32,35,81,77,76,80,0,33,31,31,33,35,83,85,84,82,0,34,35,35,34,35,85,87,86,84,0,35,36,36,35,35,87,83,82,86,0,36,34,34,36],
    "name": "Mesh.012Geometry"
}