{
    "metadata": {
        "generator": "io_three",
        "materials": 1,
        "normals": 20,
        "vertices": 48,
        "faces": 26,
        "type": "Geometry",
        "version": 3
    },
    "normals": [0,1,0,0,-1,0,0.386486,-0.82522,-0.411786,0.336619,-0.777367,-0.531358,0.405164,-0.871883,0.275033,-0.407056,-0.814234,0.413831,-0.492019,-0.786157,-0.373913,0.319102,-0.853084,-0.412793,0.684347,0,-0.729118,0.535173,0,-0.844722,0.827357,0,0.561632,-0.701224,0,0.712912,-0.796167,0,-0.605029,0.611591,0,-0.791131,0.386486,0.82522,-0.411786,0.336619,0.777367,-0.531358,0.405133,0.871883,0.275033,-0.407056,0.814234,0.413831,-0.492019,0.786157,-0.373913,0.319102,0.853084,-0.412793],
    "vertices": [0.928714,0.03,0.14566,1.00978,0.03,0.14052,1.01571,0.03,0.155475,0.894906,0.03,0.155475,0.892933,0.03,0.036118,0.928714,0.03,0.026806,0.928714,-0.03,0.14566,1.00978,-0.03,0.14052,1.01571,-0.03,0.155475,0.894906,-0.03,0.155475,0.892933,-0.03,0.036118,0.928714,-0.03,0.026806,0.928714,-0.03,0.14566,0.933713,-0.025,0.140333,1.00978,-0.03,0.14052,1.01308,-0.025,0.1353,1.01571,-0.03,0.155475,1.02308,-0.025,0.160475,0.894906,-0.03,0.155475,0.889988,-0.025,0.160475,0.892933,-0.03,0.036118,0.887869,-0.025,0.032269,0.928714,-0.03,0.026806,0.933713,-0.025,0.020338,0.933713,-0.025,0.140333,0.933713,0.025,0.140333,1.01308,-0.025,0.1353,1.01308,0.025,0.1353,1.02308,-0.025,0.160475,1.02308,0.025,0.160475,0.889988,-0.025,0.160475,0.889988,0.025,0.160475,0.887869,-0.025,0.032269,0.887869,0.025,0.032269,0.933713,-0.025,0.020338,0.933713,0.025,0.020338,0.933713,0.025,0.140333,0.928714,0.03,0.14566,1.01308,0.025,0.1353,1.00978,0.03,0.14052,1.02308,0.025,0.160475,1.01571,0.03,0.155475,0.889988,0.025,0.160475,0.894906,0.03,0.155475,0.887869,0.025,0.032269,0.892933,0.03,0.036118,0.933713,0.025,0.020338,0.928714,0.03,0.026806],
    "materials": [{
        "colorDiffuse": [0.73098,0.737255,0.687059],
        "depthTest": true,
        "colorAmbient": [0.73098,0.737255,0.687059],
        "blending": "NormalBlending",
        "depthWrite": true,
        "transparent": false,
        "DbgColor": 15658734,
        "DbgName": "SVGMat.001",
        "colorEmissive": [0,0,0],
        "shading": "phong",
        "DbgIndex": 0,
        "visible": true,
        "specularCoef": 50,
        "wireframe": false,
        "opacity": 1,
        "colorSpecular": [0.5,0.5,0.5]
    }],
    "faces": [34,4,0,5,0,0,0,0,34,3,0,4,0,0,0,0,34,0,2,1,0,0,0,0,34,3,2,0,0,0,0,0,34,6,10,11,0,1,1,1,34,6,9,10,0,1,1,1,34,8,6,7,0,1,1,1,34,8,9,6,0,1,1,1,35,13,15,14,12,0,2,3,3,2,35,15,17,16,14,0,3,4,4,3,35,17,19,18,16,0,4,5,5,4,35,19,21,20,18,0,5,6,6,5,35,21,23,22,20,0,6,7,7,6,35,23,13,12,22,0,7,2,2,7,35,25,27,26,24,0,8,9,9,8,35,27,29,28,26,0,9,10,10,9,35,29,31,30,28,0,10,11,11,10,35,31,33,32,30,0,11,12,12,11,35,33,35,34,32,0,12,13,13,12,35,35,25,24,34,0,13,8,8,13,35,37,39,38,36,0,14,15,15,14,35,39,41,40,38,0,15,16,16,15,35,41,43,42,40,0,16,17,17,16,35,43,45,44,42,0,17,18,18,17,35,45,47,46,44,0,18,19,19,18,35,47,37,36,46,0,19,14,14,19],
    "name": "Mesh.016Geometry"
}