{
    "metadata": {
        "generator": "io_three",
        "materials": 1,
        "normals": 41,
        "vertices": 96,
        "faces": 56,
        "type": "Geometry",
        "version": 3
    },
    "normals": [0,0.999969,0,0,1,0,0,-1,0,0,-0.999969,0,0.010712,-0.971709,-0.235786,-0.018799,-0.946165,-0.323038,-0.03003,-0.958617,-0.28309,-0.444472,-0.771538,-0.455123,0.34959,-0.881252,-0.318003,0.377575,-0.78283,0.494552,-0.336711,-0.759911,0.555986,0.022858,-0.925596,0.377789,0.361278,-0.772301,0.522477,-0.377911,-0.783074,0.493912,-0.383709,-0.866726,-0.318644,0.414014,-0.781304,-0.466994,0.045442,0,-0.998962,-0.058168,0,-0.998291,-0.105533,0,-0.994385,-0.698691,0,-0.715415,0.739738,0,-0.672872,0.6068,0,0.794824,-0.517991,0,0.855373,0.060427,0,0.998169,0.568743,0,0.822504,-0.607654,0,0.794183,-0.769311,0,-0.638844,0.663381,0,-0.748253,0.010712,0.971709,-0.235786,-0.018799,0.946165,-0.323038,-0.03003,0.958617,-0.283059,-0.444472,0.771538,-0.455092,0.34959,0.881252,-0.318003,0.377575,0.78283,0.494552,-0.336711,0.759911,0.555986,0.022858,0.925596,0.377789,0.361278,0.772301,0.522477,-0.377911,0.783074,0.493912,-0.383709,0.866726,-0.318644,0.414014,0.781304,-0.466994,0.414045,0.781304,-0.466994],
    "vertices": [0.655963,0.03,0.117263,0.675585,0.03,0.051711,0.708399,0.03,0.12778,0.732592,0.03,0.005786,0.76485,0.03,0.000179,0.722424,0.03,0.155475,0.712957,0.03,0.155475,0.6763,0.03,0.085364,0.649844,0.03,0.155475,0.639834,0.03,0.155475,0.597759,0.03,0.000179,0.632808,0.03,0.002983,0.655963,-0.03,0.117263,0.675585,-0.03,0.051711,0.708399,-0.03,0.12778,0.732592,-0.03,0.005786,0.76485,-0.03,0.000179,0.722424,-0.03,0.155475,0.712957,-0.03,0.155475,0.6763,-0.03,0.085364,0.649844,-0.03,0.155475,0.639834,-0.03,0.155475,0.597759,-0.03,0.000179,0.632808,-0.03,0.002983,0.655963,-0.03,0.117263,0.656899,-0.025,0.096701,0.675585,-0.03,0.051711,0.674734,-0.025,0.037116,0.708399,-0.03,0.12778,0.706622,-0.025,0.111037,0.732592,-0.03,0.005786,0.728355,-0.025,0.001448,0.76485,-0.03,0.000179,0.771747,-0.025,-0.006095,0.722424,-0.03,0.155475,0.726241,-0.025,0.160475,0.712957,-0.03,0.155475,0.709929,-0.025,0.160475,0.6763,-0.03,0.085364,0.677039,-0.025,0.097568,0.649844,-0.03,0.155475,0.653301,-0.025,0.160475,0.639834,-0.03,0.155475,0.636009,-0.025,0.160475,0.597759,-0.03,0.000179,0.591075,-0.025,-0.005372,0.632808,-0.03,0.002983,0.636961,-0.025,-0.0017,0.656899,-0.025,0.096701,0.656899,0.025,0.096701,0.674734,-0.025,0.037116,0.674734,0.025,0.037116,0.706622,-0.025,0.111037,0.706622,0.025,0.111037,0.728355,-0.025,0.001448,0.728355,0.025,0.001448,0.771747,-0.025,-0.006095,0.771747,0.025,-0.006095,0.726241,-0.025,0.160475,0.726241,0.025,0.160475,0.709929,-0.025,0.160475,0.709929,0.025,0.160475,0.677039,-0.025,0.097568,0.677039,0.025,0.097568,0.653301,-0.025,0.160475,0.653301,0.025,0.160475,0.636009,-0.025,0.160475,0.636009,0.025,0.160475,0.591075,-0.025,-0.005372,0.591075,0.025,-0.005372,0.636961,-0.025,-0.0017,0.636961,0.025,-0.0017,0.656899,0.025,0.096701,0.655963,0.03,0.117263,0.674734,0.025,0.037116,0.675585,0.03,0.051711,0.706622,0.025,0.111037,0.708399,0.03,0.12778,0.728355,0.025,0.001448,0.732592,0.03,0.005786,0.771747,0.025,-0.006095,0.76485,0.03,0.000179,0.726241,0.025,0.160475,0.722424,0.03,0.155475,0.709929,0.025,0.160475,0.712957,0.03,0.155475,0.677039,0.025,0.097568,0.6763,0.03,0.085364,0.653301,0.025,0.160475,0.649844,0.03,0.155475,0.636009,0.025,0.160475,0.639834,0.03,0.155475,0.591075,0.025,-0.005372,0.597759,0.03,0.000179,0.636961,0.025,-0.0017,0.632808,0.03,0.002983],
    "materials": [{
        "colorDiffuse": [0.921568,0.563316,0],
        "depthTest": true,
        "colorAmbient": [0.921568,0.563316,0],
        "blending": "NormalBlending",
        "depthWrite": true,
        "transparent": false,
        "DbgColor": 15658734,
        "DbgName": "SVGMat.001",
        "colorEmissive": [0,0,0],
        "shading": "phong",
        "DbgIndex": 0,
        "visible": true,
        "specularCoef": 50,
        "wireframe": false,
        "opacity": 1,
        "colorSpecular": [1,1,1]
    }],
    "faces": [34,9,11,10,0,0,1,1,34,3,5,4,0,1,0,1,34,9,0,11,0,0,1,1,34,2,5,3,0,1,0,1,34,0,7,1,0,1,1,1,34,7,2,1,0,1,1,1,34,0,8,7,0,1,1,1,34,6,2,7,0,1,1,1,34,9,8,0,0,0,1,1,34,6,5,2,0,1,0,1,34,23,21,22,0,2,2,2,34,17,15,16,0,3,3,2,34,12,21,23,0,2,2,2,34,17,14,15,0,3,2,3,34,19,12,13,0,2,2,2,34,14,19,13,0,2,2,2,34,20,12,19,0,2,2,2,34,14,18,19,0,2,2,2,34,20,21,12,0,2,2,2,34,17,18,14,0,3,2,2,35,25,27,26,24,0,4,5,5,4,35,27,29,28,26,0,5,6,6,5,35,29,31,30,28,0,6,7,7,6,35,31,33,32,30,0,7,8,8,7,35,33,35,34,32,0,8,9,9,8,35,35,37,36,34,0,9,10,10,9,35,37,39,38,36,0,10,11,11,10,35,39,41,40,38,0,11,12,12,11,35,41,43,42,40,0,12,13,13,12,35,43,45,44,42,0,13,14,14,13,35,45,47,46,44,0,14,15,15,14,35,47,25,24,46,0,15,4,4,15,35,49,51,50,48,0,16,17,17,16,35,51,53,52,50,0,17,18,18,17,35,53,55,54,52,0,18,19,19,18,35,55,57,56,54,0,19,20,20,19,35,57,59,58,56,0,20,21,21,20,35,59,61,60,58,0,21,22,22,21,35,61,63,62,60,0,22,23,23,22,35,63,65,64,62,0,23,24,24,23,35,65,67,66,64,0,24,25,25,24,35,67,69,68,66,0,25,26,26,25,35,69,71,70,68,0,26,27,27,26,35,71,49,48,70,0,27,16,16,27,35,73,75,74,72,0,28,29,29,28,35,75,77,76,74,0,29,30,30,29,35,77,79,78,76,0,30,31,31,30,35,79,81,80,78,0,31,32,32,31,35,81,83,82,80,0,32,33,33,32,35,83,85,84,82,0,33,34,34,33,35,85,87,86,84,0,34,35,35,34,35,87,89,88,86,0,35,36,36,35,35,89,91,90,88,0,36,37,37,36,35,91,93,92,90,0,37,38,38,37,35,93,95,94,92,0,38,39,40,38,35,95,73,72,94,0,39,28,28,40],
    "name": "Mesh.014Geometry.1"
}