{
    "metadata": {
        "generator": "io_three",
        "materials": 1,
        "normals": 31,
        "vertices": 96,
        "faces": 56,
        "type": "Geometry",
        "version": 3
    },
    "normals": [0,1,0,0,0.999969,0,0,-1,0,0,-0.999969,0,0.395276,-0.813654,0.426252,0.398938,-0.820215,0.409955,0.391003,-0.82342,-0.411176,0.402509,-0.818781,0.409314,0.397595,-0.820734,-0.410169,0.412397,-0.814814,0.407361,-0.404859,-0.819849,0.404828,-0.409803,-0.813837,-0.411939,0.408612,-0.824091,-0.392193,0.679952,0,0.733238,0.697409,0,0.716636,0.689077,0,-0.724662,0.701132,0,0.713004,0.696005,0,-0.718009,0.711417,0,0.702719,-0.707114,0,0.707083,-0.705252,0,-0.708945,0.721427,0,-0.692465,0.395276,0.813654,0.426252,0.398938,0.820215,0.409955,0.391003,0.82342,-0.411176,0.402509,0.818781,0.409314,0.397595,0.820734,-0.410169,0.412397,0.814814,0.407361,-0.404859,0.819849,0.404828,-0.409803,0.813837,-0.411939,0.408612,0.824091,-0.392193],
    "vertices": [0.349559,0.03,0.025363,0.287774,0.03,0.02368,0.287774,0.03,0.06988,0.327992,0.03,0.067855,0.327992,0.03,0.079429,0.287774,0.03,0.078755,0.287774,0.03,0.14566,0.363548,0.03,0.143301,0.363548,0.03,0.154127,0.253967,0.03,0.155475,0.255715,0.03,0.013936,0.350142,0.03,0.013262,0.349559,-0.03,0.025363,0.287774,-0.03,0.02368,0.287774,-0.03,0.06988,0.327992,-0.03,0.067855,0.327992,-0.03,0.079429,0.287774,-0.03,0.078755,0.287774,-0.03,0.14566,0.363548,-0.03,0.143301,0.363548,-0.03,0.154127,0.253967,-0.03,0.155475,0.255715,-0.03,0.013936,0.350142,-0.03,0.013262,0.349559,-0.03,0.025363,0.354318,-0.025,0.030494,0.287774,-0.03,0.02368,0.292774,-0.025,0.028818,0.287774,-0.03,0.06988,0.292774,-0.025,0.064622,0.327992,-0.03,0.067855,0.332992,-0.025,0.062597,0.327992,-0.03,0.079429,0.332992,-0.025,0.084513,0.287774,-0.03,0.078755,0.292774,-0.025,0.083839,0.287774,-0.03,0.14566,0.292774,-0.025,0.140502,0.363548,-0.03,0.143301,0.368548,-0.025,0.138143,0.363548,-0.03,0.154127,0.368548,-0.025,0.159066,0.253967,-0.03,0.155475,0.248904,-0.025,0.160537,0.255715,-0.03,0.013936,0.250776,-0.025,0.008971,0.350142,-0.03,0.013262,0.35539,-0.025,0.008224,0.354318,-0.025,0.030494,0.354318,0.025,0.030494,0.292774,-0.025,0.028818,0.292774,0.025,0.028818,0.292774,-0.025,0.064622,0.292774,0.025,0.064622,0.332992,-0.025,0.062597,0.332992,0.025,0.062597,0.332992,-0.025,0.084513,0.332992,0.025,0.084513,0.292774,-0.025,0.083839,0.292774,0.025,0.083839,0.292774,-0.025,0.140502,0.292774,0.025,0.140502,0.368548,-0.025,0.138143,0.368548,0.025,0.138143,0.368548,-0.025,0.159066,0.368548,0.025,0.159066,0.248904,-0.025,0.160537,0.248904,0.025,0.160537,0.250776,-0.025,0.008971,0.250776,0.025,0.008971,0.35539,-0.025,0.008224,0.35539,0.025,0.008224,0.354318,0.025,0.030494,0.349559,0.03,0.025363,0.292774,0.025,0.028818,0.287774,0.03,0.02368,0.292774,0.025,0.064622,0.287774,0.03,0.06988,0.332992,0.025,0.062597,0.327992,0.03,0.067855,0.332992,0.025,0.084513,0.327992,0.03,0.079429,0.292774,0.025,0.083839,0.287774,0.03,0.078755,0.292774,0.025,0.140502,0.287774,0.03,0.14566,0.368548,0.025,0.138143,0.363548,0.03,0.143301,0.368548,0.025,0.159066,0.363548,0.03,0.154127,0.248904,0.025,0.160537,0.253967,0.03,0.155475,0.250776,0.025,0.008971,0.255715,0.03,0.013936,0.35539,0.025,0.008224,0.350142,0.03,0.013262],
    "materials": [{
        "colorDiffuse": [0.73098,0.737255,0.687059],
        "depthTest": true,
        "colorAmbient": [0.73098,0.737255,0.687059],
        "blending": "NormalBlending",
        "depthWrite": true,
        "transparent": false,
        "DbgColor": 15658734,
        "DbgName": "SVGMat.001",
        "colorEmissive": [0,0,0],
        "shading": "phong",
        "DbgIndex": 0,
        "visible": true,
        "specularCoef": 50,
        "wireframe": false,
        "opacity": 1,
        "colorSpecular": [0.5,0.5,0.5]
    }],
    "faces": [34,10,0,11,0,0,0,1,34,9,1,10,0,0,0,0,34,1,0,10,0,0,0,0,34,9,2,1,0,0,0,0,34,2,4,3,0,0,0,0,34,9,5,2,0,0,0,0,34,5,4,2,0,0,0,0,34,9,6,5,0,0,0,0,34,6,8,7,0,0,0,0,34,9,8,6,0,0,0,0,34,12,22,23,0,2,3,3,34,13,21,22,0,2,2,3,34,12,13,22,0,2,2,3,34,14,21,13,0,2,2,2,34,16,14,15,0,2,2,2,34,17,21,14,0,2,2,2,34,16,17,14,0,2,2,2,34,18,21,17,0,2,2,2,34,20,18,19,0,2,2,2,34,20,21,18,0,2,2,2,35,25,27,26,24,0,4,5,5,4,35,27,29,28,26,0,5,6,6,5,35,29,31,30,28,0,6,6,6,6,35,31,33,32,30,0,6,7,7,6,35,33,35,34,32,0,7,7,7,7,35,35,37,36,34,0,7,8,8,7,35,37,39,38,36,0,8,8,8,8,35,39,41,40,38,0,8,9,9,8,35,41,43,42,40,0,9,10,10,9,35,43,45,44,42,0,10,11,11,10,35,45,47,46,44,0,11,12,12,11,35,47,25,24,46,0,12,4,4,12,35,49,51,50,48,0,13,14,14,13,35,51,53,52,50,0,14,15,15,14,35,53,55,54,52,0,15,15,15,15,35,55,57,56,54,0,15,16,16,15,35,57,59,58,56,0,16,16,16,16,35,59,61,60,58,0,16,17,17,16,35,61,63,62,60,0,17,17,17,17,35,63,65,64,62,0,17,18,18,17,35,65,67,66,64,0,18,19,19,18,35,67,69,68,66,0,19,20,20,19,35,69,71,70,68,0,20,21,21,20,35,71,49,48,70,0,21,13,13,21,35,73,75,74,72,0,22,23,23,22,35,75,77,76,74,0,23,24,24,23,35,77,79,78,76,0,24,24,24,24,35,79,81,80,78,0,24,25,25,24,35,81,83,82,80,0,25,25,25,25,35,83,85,84,82,0,25,26,26,25,35,85,87,86,84,0,26,26,26,26,35,87,89,88,86,0,26,27,27,26,35,89,91,90,88,0,27,28,28,27,35,91,93,92,90,0,28,29,29,28,35,93,95,94,92,0,29,30,30,29,35,95,73,72,94,0,30,22,22,30],
    "name": "Mesh.011Geometry"
}