{
    "metadata": {
        "generator": "io_three",
        "materials": 1,
        "normals": 115,
        "vertices": 344,
        "faces": 211,
        "type": "Geometry",
        "version": 3
    },
    "normals": [0,1,0,0,0.999969,0,0,1,-0.000244,0,0,1,0,0,-1,0,-1,0,0,-0.999969,0,0,-1,0.000244,0.201544,-0.747581,0.632832,0.352672,-0.849635,0.39201,0.362529,-0.824122,-0.435163,0.36729,-0.833064,-0.413617,0.42262,-0.810755,0.405011,0.425855,-0.818232,0.386151,0.543931,-0.771416,0.33018,0.291147,-0.707083,0.644368,0.291147,-0.707114,0.644337,0.291177,-0.707083,0.644368,-0.235633,-0.842494,0.484359,-0.687033,-0.707083,0.167241,-0.687796,-0.707083,0.164037,-0.688742,-0.707083,0.160039,-0.689871,-0.707083,0.155095,-0.691214,-0.707083,0.1489,-0.692892,-0.707114,0.140934,-0.694968,-0.707114,0.130284,-0.697592,-0.707114,0.115329,-0.700888,-0.707144,0.092868,-0.704703,-0.707297,0.0553,-0.705893,-0.708029,-0.019715,-0.620136,-0.727744,-0.292917,-0.335093,-0.721335,-0.606098,-0.084475,-0.708914,-0.700186,0.020661,-0.70748,-0.706381,0.07355,-0.707236,-0.703116,0.104984,-0.707144,-0.69921,0.125706,-0.707114,-0.695791,0.140385,-0.707114,-0.692984,0.151341,-0.707114,-0.690695,0.159764,-0.707083,-0.688803,0.166448,-0.707083,-0.687216,0.171667,-0.707083,-0.685934,0.427168,-0.896481,-0.117466,0.303446,0,0.952818,0.668813,0,0.7434,0.640065,0,-0.768273,0.663991,0,-0.747703,0.721976,0,0.691885,0.740806,0,0.671712,0.854823,0,0.518906,0.411756,0,0.911283,0.411786,0,0.911252,0.411756,0,0.911252,-0.437452,0,0.899228,-0.971618,0,0.236549,-0.972686,0,0.232002,-0.974029,0,0.226325,-0.975616,0,0.219337,-0.975646,0,0.219337,-0.977569,0,0.210578,-0.979919,0,0.199286,-0.982849,0,0.18424,-0.986602,0,0.163121,-0.991333,0,0.131352,-0.996918,0,0.078249,-0.999603,0,-0.027894,-0.904172,0,-0.427107,-0.48384,0,-0.875118,-0.119755,0,-0.992798,0.029237,0,-0.999542,0.104068,0,-0.994568,0.148473,0,-0.988891,0.177801,0,-0.984039,0.198553,0,-0.980071,0.214026,0,-0.976806,0.225959,0,-0.97412,0.23542,0,-0.971892,0.242775,0,-0.970061,0.964171,0,-0.265145,0.964202,0,-0.265145,0.201544,0.747581,0.632832,0.352672,0.849635,0.39201,0.362529,0.824122,-0.435163,0.36729,0.833064,-0.413587,0.42262,0.810755,0.405011,0.425855,0.818232,0.386151,0.543931,0.771416,0.33018,0.291147,0.707083,0.644368,0.291177,0.707083,0.644368,0.291147,0.707114,0.644337,-0.235633,0.842494,0.48439,-0.687033,0.707083,0.167241,-0.687796,0.707083,0.164037,-0.688742,0.707083,0.160039,-0.689871,0.707083,0.155095,-0.691214,0.707083,0.1489,-0.692892,0.707114,0.140934,-0.694968,0.707114,0.130284,-0.697592,0.707114,0.115329,-0.700888,0.707144,0.092868,-0.704703,0.707297,0.0553,-0.705893,0.708029,-0.019715,-0.620136,0.727744,-0.292917,-0.335093,0.721335,-0.606098,-0.084475,0.708914,-0.700186,0.020661,0.70748,-0.706381,0.07355,0.707236,-0.703116,0.104984,0.707144,-0.69921,0.125706,0.707114,-0.695791,0.140385,0.707114,-0.692984,0.151341,0.707114,-0.690695,0.159764,0.707083,-0.688803,0.166448,0.707083,-0.687216,0.171667,0.707083,-0.685934,0.427168,0.896481,-0.117466],
    "vertices": [1.09954,0.03,0.03527,0.998462,0.03,0.018063,1.00188,0.03,0.072235,1.03868,0.03,0.067855,1.03868,0.03,0.079429,1.00217,0.03,0.080982,1.00469,0.03,0.126694,1.00307,0.03,0.127428,1.00126,0.03,0.128247,0.999318,0.03,0.129123,0.997317,0.03,0.130027,0.995315,0.03,0.130932,0.993376,0.03,0.131808,0.991563,0.03,0.132627,0.989939,0.03,0.133361,0.988566,0.03,0.133981,0.987507,0.03,0.13446,0.986826,0.03,0.134768,0.986585,0.03,0.134876,0.986093,0.03,0.132871,0.984743,0.03,0.127278,0.982729,0.03,0.118733,0.980242,0.03,0.107873,0.977475,0.03,0.095333,0.974619,0.03,0.081749,0.971868,0.03,0.067757,0.969414,0.03,0.053993,0.967448,0.03,0.041093,0.966163,0.03,0.029693,0.965751,0.03,0.020429,0.966404,0.03,0.013936,0.970196,0.03,0.01012,0.978462,0.03,0.008258,0.990286,0.03,0.008039,1.00475,0.03,0.009155,1.02094,0.03,0.011297,1.03795,0.03,0.014156,1.05485,0.03,0.017423,1.07073,0.03,0.020789,1.08468,0.03,0.023945,1.09577,0.03,0.026582,1.1031,0.03,0.028391,1.10574,0.03,0.029062,1.09954,-0.03,0.03527,0.998462,-0.03,0.018063,1.00188,-0.03,0.072235,1.03868,-0.03,0.067855,1.03868,-0.03,0.079429,1.00217,-0.03,0.080982,1.00469,-0.03,0.126694,1.00307,-0.03,0.127428,1.00126,-0.03,0.128247,0.999318,-0.03,0.129123,0.997317,-0.03,0.130027,0.995315,-0.03,0.130932,0.993376,-0.03,0.131808,0.991563,-0.03,0.132627,0.989939,-0.03,0.133361,0.988566,-0.03,0.133981,0.987507,-0.03,0.13446,0.986826,-0.03,0.134768,0.986585,-0.03,0.134876,0.986093,-0.03,0.132871,0.984743,-0.03,0.127278,0.982729,-0.03,0.118733,0.980242,-0.03,0.107873,0.977475,-0.03,0.095333,0.974619,-0.03,0.081749,0.971868,-0.03,0.067757,0.969414,-0.03,0.053993,0.967448,-0.03,0.041093,0.966163,-0.03,0.029693,0.965751,-0.03,0.020429,0.966404,-0.03,0.013936,0.970196,-0.03,0.01012,0.978462,-0.03,0.008258,0.990286,-0.03,0.008039,1.00475,-0.03,0.009155,1.02094,-0.03,0.011297,1.03795,-0.03,0.014156,1.05485,-0.03,0.017423,1.07073,-0.03,0.020789,1.08468,-0.03,0.023945,1.09577,-0.03,0.026582,1.1031,-0.03,0.028391,1.10574,-0.03,0.029062,1.09954,-0.03,0.03527,1.10124,-0.025,0.040633,0.998462,-0.03,0.018063,1.00385,-0.025,0.024052,1.00188,-0.03,0.072235,1.00654,-0.025,0.066646,1.03868,-0.03,0.067855,1.04368,-0.025,0.062225,1.03868,-0.03,0.079429,1.04368,-0.025,0.084221,1.00217,-0.03,0.080982,1.00744,-0.025,0.085763,1.00469,-0.03,0.126694,1.00988,-0.025,0.129839,1.00307,-0.03,0.127428,1.00513,-0.025,0.131984,1.00126,-0.03,0.128247,1.00332,-0.025,0.132803,0.999318,-0.03,0.129123,1.00138,-0.025,0.133679,0.997317,-0.03,0.130027,0.999375,-0.025,0.134584,0.995315,-0.03,0.130932,0.997374,-0.025,0.135488,0.993376,-0.03,0.131808,0.995435,-0.025,0.136364,0.991563,-0.03,0.132627,0.993622,-0.025,0.137184,0.989939,-0.03,0.133361,0.991998,-0.025,0.137918,0.988566,-0.03,0.133981,0.990625,-0.025,0.138538,0.987507,-0.03,0.13446,0.989566,-0.025,0.139016,0.986826,-0.03,0.134768,0.988885,-0.025,0.139324,0.986585,-0.03,0.134876,0.983164,-0.025,0.141909,0.986093,-0.03,0.132871,0.981234,-0.025,0.134054,0.984743,-0.03,0.127278,0.979879,-0.025,0.128438,0.982729,-0.03,0.118733,0.977858,-0.025,0.119865,0.980242,-0.03,0.107873,0.975363,-0.025,0.108969,0.977475,-0.03,0.095333,0.972587,-0.025,0.096386,0.974619,-0.03,0.081749,0.96972,-0.025,0.082745,0.971868,-0.03,0.067757,0.966954,-0.025,0.068678,0.969414,-0.03,0.053993,0.96448,-0.025,0.054809,0.967448,-0.03,0.041093,0.96249,-0.025,0.04175,0.966163,-0.03,0.029693,0.961175,-0.025,0.030085,0.965751,-0.03,0.020429,0.960739,-0.025,0.020289,0.966404,-0.03,0.013936,0.961607,-0.025,0.01167,0.970196,-0.03,0.01012,0.967676,-0.025,0.005563,0.978462,-0.03,0.008258,0.97786,-0.025,0.003268,0.990286,-0.03,0.008039,0.990432,-0.025,0.003035,1.00475,-0.03,0.009155,1.00527,-0.025,0.00418,1.02094,-0.03,0.011297,1.02169,-0.025,0.006352,1.03795,-0.03,0.014156,1.03884,-0.025,0.009236,1.05485,-0.03,0.017423,1.05584,-0.025,0.012523,1.07073,-0.03,0.020789,1.0718,-0.025,0.015905,1.08468,-0.03,0.023945,1.08581,-0.025,0.019075,1.09577,-0.03,0.026582,1.09695,-0.025,0.021723,1.1031,-0.03,0.028391,1.10431,-0.025,0.02354,1.10574,-0.03,0.029062,1.1155,-0.025,0.026379,1.10124,-0.025,0.040633,1.10124,0.025,0.040633,1.00385,-0.025,0.024052,1.00385,0.025,0.024052,1.00654,-0.025,0.066646,1.00654,0.025,0.066646,1.04368,-0.025,0.062225,1.04368,0.025,0.062225,1.04368,-0.025,0.084221,1.04368,0.025,0.084221,1.00744,-0.025,0.085763,1.00744,0.025,0.085763,1.00988,-0.025,0.129839,1.00988,0.025,0.129839,1.00513,-0.025,0.131984,1.00513,0.025,0.131984,1.00332,-0.025,0.132803,1.00332,0.025,0.132803,1.00138,-0.025,0.133679,1.00138,0.025,0.133679,0.999375,-0.025,0.134584,0.999375,0.025,0.134584,0.997374,-0.025,0.135488,0.997374,0.025,0.135488,0.995435,-0.025,0.136364,0.995435,0.025,0.136364,0.993622,-0.025,0.137184,0.993622,0.025,0.137184,0.991998,-0.025,0.137918,0.991998,0.025,0.137918,0.990625,-0.025,0.138538,0.990625,0.025,0.138538,0.989566,-0.025,0.139016,0.989566,0.025,0.139016,0.988885,-0.025,0.139324,0.988885,0.025,0.139324,0.983164,-0.025,0.141909,0.983164,0.025,0.141909,