{
    "name": "Mesh.006Geometry",
    "metadata": {
        "generator": "io_three",
        "normals": 69,
        "faces": 125,
        "type": "Geometry",
        "vertices": 86,
        "version": 3
    },
    "normals": [-0.087252,0.684957,-0.723289,0.074221,0.70101,-0.70925,0.020966,0.696493,-0.717215,-0.367992,0.64922,-0.665609,0.105564,0.703177,-0.703116,-0.695486,0.638997,-0.328532,0.126194,0.704367,-0.698508,-0.722373,0.691183,-0.020173,0.245338,0.930265,0.272713,0.140812,0.705069,-0.694968,0.151646,0.705557,-0.69219,0.264046,0.910916,-0.316935,0.238838,0.616901,0.749901,-0.712363,0.699545,0.05591,0.160039,0.705893,-0.689993,0.166692,0.706107,-0.688162,0.17185,0.706351,-0.686636,0.802545,0.554247,-0.22071,-0.705252,0.702719,0.093448,-0.7004,0.704276,0.115787,-0.696921,0.7051,0.13065,-0.694327,0.705618,0.141209,0.588305,0.579608,0.563829,0.544939,0.571368,-0.613636,0.313517,0.906003,0.28428,0.684317,0.599261,0.415387,-0.692343,0.705954,0.149144,-0.690725,0.706198,0.155278,-0.689444,0.706381,0.160192,-0.688375,0.706504,0.16419,0.291147,0.707083,0.644368,-0.68746,0.706626,0.167364,-0.359874,0.568224,0.739952,0.210608,0,0.977569,0.020966,-0.696524,-0.717215,0.074221,-0.70101,-0.70925,-0.087252,-0.684957,-0.723289,-0.367992,-0.64922,-0.665609,0.105594,-0.703299,-0.702994,-0.695486,-0.638997,-0.328532,0.126194,-0.704245,-0.69863,-0.722373,-0.691183,-0.020173,0.245338,-0.930448,0.272073,0.140782,-0.705069,-0.694968,0.151646,-0.705557,-0.69219,0.264046,-0.910947,-0.316904,0.238838,-0.616901,0.749901,-0.712363,-0.699545,0.05591,0.160039,-0.705893,-0.689993,0.166692,-0.706107,-0.688162,0.17185,-0.706351,-0.686636,0.802545,-0.554247,-0.22071,-0.705252,-0.702719,0.093448,-0.7004,-0.704276,0.115787,-0.696921,-0.7051,0.13065,-0.694327,-0.705618,0.141209,0.544939,-0.571337,-0.613636,0.588336,-0.579608,0.563829,0.313608,-0.906369,0.283029,0.684286,-0.599292,0.415387,-0.692404,-0.705893,0.149205,-0.690695,-0.706259,0.155248,-0.689505,-0.70632,0.160222,-0.688375,-0.706534,0.164129,0.291147,-0.707083,0.644368,-0.68746,-0.706626,0.167364,0.291147,-0.707114,0.644337,-0.359905,-0.568377,0.73986,0.275979,-0.665059,0.693899],
    "vertices": [0.966404,0,0.013936,0.965751,0,0.020429,0.966163,0,0.029693,0.967448,0,0.041093,0.969414,0,0.053993,0.971868,0,0.067757,0.974619,0,0.081749,0.977475,0,0.095333,0.980242,0,0.107873,0.982729,0,0.118733,0.984743,0,0.127278,0.986093,0,0.132871,0.986585,0,0.134876,0.986826,0,0.134768,0.987507,0,0.13446,0.988566,0,0.133981,0.989939,0,0.133361,0.991563,0,0.132627,0.993376,0,0.131808,0.995315,0,0.130932,0.997317,0,0.130027,0.999318,0,0.129123,1.00126,0,0.128247,1.00307,0,0.127428,1.00469,0,0.126694,1.00217,0,0.080982,1.03868,0,0.079429,1.03868,0,0.067855,1.00188,0,0.072235,0.998462,0,0.018063,1.09954,0,0.03527,1.10574,0,0.029062,1.1031,0,0.028391,1.09577,0,0.026582,1.08468,0,0.023945,1.07073,0,0.020789,1.05485,0,0.017423,1.03795,0,0.014156,1.02094,0,0.011297,1.00475,0,0.009155,0.990286,0,0.008039,0.978462,0,0.008258,0.970196,0,0.01012,0.966404,-0.04,0.013936,0.965751,-0.04,0.020429,0.966163,-0.04,0.029693,0.967448,-0.04,0.041093,0.969414,-0.04,0.053993,0.971868,-0.04,0.067757,0.974619,-0.04,0.081749,0.977475,-0.039999,0.095333,0.980242,-0.04,0.107873,0.982729,-0.039999,0.118733,0.984743,-0.04,0.127278,0.986093,-0.04,0.132871,0.986585,-0.04,0.134876,0.986826,-0.04,0.134768,0.987507,-0.04,0.13446,0.988566,-0.04,0.133981,0.989939,-0.04,0.133361,0.991563,-0.04,0.132627,0.993376,-0.04,0.131808,0.995315,-0.04,0.130932,0.997317,-0.04,0.130027,0.999318,-0.04,0.129123,1.00126,-0.04,0.128247,1.00307,-0.04,0.127428,1.00469,-0.04,0.126694,1.00217,-0.04,0.080982,1.03868,-0.039999,0.079429,1.03868,-0.039999,0.067855,1.00188,-0.04,0.072235,0.998462,-0.04,0.018063,1.09954,-0.04,0.03527,1.10574,-0.04,0.029062,1.1031,-0.04,0.028391,1.09577,-0.04,0.026582,1.08468,-0.04,0.023945,1.07073,-0.04,0.020789,1.05485,-0.04,0.017423,1.03795,-0.039999,0.014156,1.02094,-0.04,0.011297,1.00475,-0.04,0.009155,0.990286,-0.04,0.008039,0.978462,-0.04,0.008258,0.970196,-0.04,0.01012],
    "faces": [32,41,39,40,0,1,2,32,42,39,41,3,1,0,32,42,38,39,3,4,1,32,0,38,42,5,4,3,32,0,37,38,5,6,4,32,1,37,0,7,6,5,32,1,29,37,7,8,6,32,29,36,37,8,9,6,32,29,35,36,8,10,9,32,1,28,29,7,11,8,32,30,35,29,12,10,8,32,2,28,1,13,11,7,32,30,34,35,12,14,10,32,30,33,34,12,15,14,32,30,32,33,12,16,15,32,30,31,32,12,17,16,32,3,28,2,18,11,13,32,4,28,3,19,11,18,32,5,28,4,20,11,19,32,6,28,5,21,11,20,32,28,26,27,11,22,23,32,6,26,28,21,22,11,32,6,25,26,21,24,22,32,6,24,25,21,25,24,32,7,24,6,26,25,21,32,8,24,7,27,25,26,32,9,24,8,28,25,27,32,10,24,9,29,25,28,32,10,23,24,29,30,25,32,11,23,10,31,30,29,32,11,22,23,31,30,30,32,11,21,22,31,30,30,32,11,20,21,31,30,30,32,11,19,20,31,30,30,32,11,18,19,31,30,30,32,11,17,18,31,30,30,32,11,16,17,31,30,30,32,12,15,11,32,30,31,32,15,16,11,30,30,31,32,12,14,15,32,33,30,32,12,13,14,32,33,33,32,83,82,84,34,35,36,32,84,82,85,36,35,37,32,82,81,85,35,38,37,32,85,81,43,37,38,39,32,81,80,43,38,40,39,32,43,80,44,39,40,41,32,80,72,44,40,42,41,32,80,79,72,40,43,42,32,79,78,72,43,44,42,32,72,71,44,42,45,41,32,72,78,73,42,44,46,32,44,71,45,41,45,47,32,78,77,73,44,48,46,32,77,76,73,48,49,46,32,76,75,73,49,50,46,32,75,74,73,50,51,46,32,45,71,46,47,45,52,32,46,71,47,52,45,53,32,47,71,48,53,45,54,32,48,71,49,54,45,55,32,70,69,71,56,57,45,32,71,69,49,45,57,55,32,69,68,49,57,58,55,32,68,67,49,58,59,55,32,49,67,50,55,59,60,32,50,67,51,60,59,61,32,51,67,52,61,59,62,32,52,67,53,62,59,63,32,67,66,53,59,64,63,32,53,66,54,63,64,65,32,66,65,54,64,64,65,32,65,64,54,64,66,65,32,64,63,54,66,64,65,32,63,62,54,64,64,65,32,62,61,54,64,64,65,32,61,60,54,64,64,65,32,60,59,54,64,64,65,32,54,58,55,65,64,67,32,54,59,58,65,64,64,32,58,57,55,64,33,67,32,57,56,55,33,68,67,33,23,22,65,66,30,30,64,64,33,26,25,68,69,22,24,58,57,33,3,2,45,46,18,13,47,52,33,13,12,55,56,33,32,67,68,33,24,23,66,67,25,30,64,59,33,33,32,75,76,15,16,50,49,33,4,3,46,47,19,18,52,53,33,10,9,52,53,29,28,62,63,33,36,35,78,79,9,10,44,43,33,0,42,85,43,5,3,37,39,33,5,4,47,48,20,19,53,54,33,42,41,84,85,3,0,36,37,33,31,30,73,74,17,12,46,51,33,22,21,64,65,30,30,66,64,33,35,34,77,78,10,14,48,44,33,17,16,59,60,30,30,64,64,33,32,31,74,75,16,17,51,50,33,15,14,57,58,30,33,33,64,33,25,24,67,68,24,25,59,58,33,2,1,44,45,13,7,41,47,33,34,33,76,77,14,15,49,48,33,7,6,49,50,26,21,55,60,33,37,36,79,80,6,9,43,40,33,16,15,58,59,30,30,64,64,33,19,18,61,62,30,30,64,64,33,30,29,72,73,12,8,42,46,33,9,8,51,52,28,27,61,62,33,8,7,50,51,27,26,60,61,33,27,26,69,70,23,22,57,56,33,40,39,82,83,2,1,35,34,33,20,19,62,63,30,30,64,64,33,14,13,56,57,33,33,68,33,33,21,20,63,64,30,30,64,66,33,28,27,70,71,11,23,56,45,33,11,10,53,54,31,29,63,65,33,39,38,81,82,1,4,38,35,33,6,5,48,49,21,20,54,55,33,1,0,43,44,7,5,39,41,33,38,37,80,81,4,6,40,38,33,41,40,83,84,0,2,34,36,33,12,11,54,55,32,31,65,67,33,18,17,60,61,30,30,64,64,33,29,28,71,72,8,11,45,42]
}